{
  "laser": {
    "oldParams": true,
    "wave_type": 1,
    "p_env_attack": 0,
    "p_env_sustain": 0.2348549642447779,
    "p_env_punch": 0.0593281549606393,
    "p_env_decay": 0.3047759151879236,
    "p_base_freq": 0.5304692342099115,
    "p_freq_limit": 0.2,
    "p_freq_ramp": -0.23457838487131868,
    "p_freq_dramp": 0,
    "p_vib_strength": 0,
    "p_vib_speed": 0,
    "p_arp_mod": 0,
    "p_arp_speed": 0,
    "p_duty": 0.4232528314925388,
    "p_duty_ramp": 0.07265544212947775,
    "p_repeat_speed": 0,
    "p_pha_offset": 0.17446579044346275,
    "p_pha_ramp": -0.07328819781514544,
    "p_lpf_freq": 1,
    "p_lpf_ramp": 0,
    "p_lpf_resonance": 0,
    "p_hpf_freq": 0.1183852996120726,
    "p_hpf_ramp": 0,
    "sound_vol": 0.25,
    "sample_rate": 44100,
    "sample_size": 8
  },
  "laserHitWall": {
    "oldParams": true,
    "wave_type": 3,
    "p_env_attack": 0,
    "p_env_sustain": 0.12537068814511695,
    "p_env_punch": 0.7757398979760997,
    "p_env_decay": 0.47037877205833356,
    "p_base_freq": 0.21865936979997072,
    "p_freq_limit": 0,
    "p_freq_ramp": 0.2924435137247884,
    "p_freq_dramp": 0,
    "p_vib_strength": 0.023011825535170758,
    "p_vib_speed": 0.21894649090751334,
    "p_arp_mod": -0.15752467522092073,
    "p_arp_speed": 0.6385906661279667,
    "p_duty": 0,
    "p_duty_ramp": 0,
    "p_repeat_speed": 0,
    "p_pha_offset": 0,
    "p_pha_ramp": 0,
    "p_lpf_freq": 1,
    "p_lpf_ramp": 0,
    "p_lpf_resonance": 0,
    "p_hpf_freq": 0,
    "p_hpf_ramp": 0,
    "sound_vol": 0.1,
    "sample_rate": 44100,
    "sample_size": 8
  },
  "explosionBig": {
    "oldParams": true,
    "wave_type": 3,
    "p_env_attack": 0,
    "p_env_sustain": 0.3519679461717533,
    "p_env_punch": 0.277587860552466,
    "p_env_decay": 0.4780086871772121,
    "p_base_freq": 0.051111001573228086,
    "p_freq_limit": 0,
    "p_freq_ramp": -0.02223449905532071,
    "p_freq_dramp": 0,
    "p_vib_strength": 0,
    "p_vib_speed": 0,
    "p_arp_mod": 0.18494309042175983,
    "p_arp_speed": 0.7892906977045897,
    "p_duty": 0,
    "p_duty_ramp": 0,
    "p_repeat_speed": 0,
    "p_pha_offset": 0.1389586661952536,
    "p_pha_ramp": -0.2114600322584578,
    "p_lpf_freq": 1,
    "p_lpf_ramp": 0,
    "p_lpf_resonance": 0,
    "p_hpf_freq": 0,
    "p_hpf_ramp": 0,
    "sound_vol": 0.25,
    "sample_rate": 44100,
    "sample_size": 8
  },
  "explosionMedium": {
    "oldParams": true,
    "wave_type": 3,
    "p_env_attack": 0,
    "p_env_sustain": 0.20687387772525712,
    "p_env_punch": 0.5389514712831219,
    "p_env_decay": 0.4694464514791694,
    "p_base_freq": 0.02059366180286216,
    "p_freq_limit": 0,
    "p_freq_ramp": 0.26524176647259523,
    "p_freq_dramp": 0,
    "p_vib_strength": 0,
    "p_vib_speed": 0,
    "p_arp_mod": 0,
    "p_arp_speed": 0,
    "p_duty": 0,
    "p_duty_ramp": 0,
    "p_repeat_speed": 0.3922393866125525,
    "p_pha_offset": 0.4069373110933843,
    "p_pha_ramp": -0.09796587087478778,
    "p_lpf_freq": 1,
    "p_lpf_ramp": 0,
    "p_lpf_resonance": 0,
    "p_hpf_freq": 0,
    "p_hpf_ramp": 0,
    "sound_vol": 0.25,
    "sample_rate": 44100,
    "sample_size": 8
  },
  "explosionSmall": {
    "oldParams": true,
    "wave_type": 3,
    "p_env_attack": 0,
    "p_env_sustain": 0.32500206229615847,
    "p_env_punch": 0.5903252237224753,
    "p_env_decay": 0.4098452915375328,
    "p_base_freq": 0.06751131770901599,
    "p_freq_limit": 0,
    "p_freq_ramp": -0.01188851177898717,
    "p_freq_dramp": 0,
    "p_vib_strength": 0,
    "p_vib_speed": 0,
    "p_arp_mod": 0,
    "p_arp_speed": 0,
    "p_duty": 0,
    "p_duty_ramp": 0,
    "p_repeat_speed": 0,
    "p_pha_offset": 0,
    "p_pha_ramp": 0,
    "p_lpf_freq": 1,
    "p_lpf_ramp": 0,
    "p_lpf_resonance": 0,
    "p_hpf_freq": 0,
    "p_hpf_ramp": 0,
    "sound_vol": 0.25,
    "sample_rate": 44100,
    "sample_size": 8
  },
  "explosionPlayer": {
    "oldParams": true,
    "wave_type": 3,
    "p_env_attack": 0,
    "p_env_sustain": 0.3462737281825502,
    "p_env_punch": 0.2177187234506068,
    "p_env_decay": 1,
    "p_base_freq": 0.04295350923008224,
    "p_freq_limit": 0,
    "p_freq_ramp": -0.00356927191999086,
    "p_freq_dramp": 0,
    "p_vib_strength": 0.47687307700748743,
    "p_vib_speed": 0.43691823020700193,
    "p_arp_mod": 0,
    "p_arp_speed": 0,
    "p_duty": 0,
    "p_duty_ramp": 0,
    "p_repeat_speed": 0,
    "p_pha_offset": 0.19742410636680874,
    "p_pha_ramp": -0.07444579678907941,
    "p_lpf_freq": 1,
    "p_lpf_ramp": 0,
    "p_lpf_resonance": 0,
    "p_hpf_freq": 0,
    "p_hpf_ramp": 0,
    "sound_vol": 0.25,
    "sample_rate": 44100,
    "sample_size": 8
  },
  "engine": {
    "oldParams": true,
    "wave_type": 3,
    "p_env_attack": 0,
    "p_env_sustain": 0.6641,
    "p_env_punch": 0,
    "p_env_decay": 0,
    "p_base_freq": 0.111,
    "p_freq_limit": 0,
    "p_freq_ramp": 0,
    "p_freq_dramp": 0,
    "p_vib_strength": 0,
    "p_vib_speed": 0,
    "p_arp_mod": 0,
    "p_arp_speed": 0,
    "p_duty": 0,
    "p_duty_ramp": 0,
    "p_repeat_speed": 0,
    "p_pha_offset": -0.744,
    "p_pha_ramp": -0.299,
    "p_lpf_freq": 0.751,
    "p_lpf_ramp": 0.093,
    "p_lpf_resonance": 0,
    "p_hpf_freq": 0,
    "p_hpf_ramp": 0.01,
    "sound_vol": 0.05,
    "sample_rate": 44100,
    "sample_size": 8
  },
  "uiSelect": {
    "oldParams": true,
    "wave_type": 1,
    "p_env_attack": 0,
    "p_env_sustain": 0.015005563497534671,
    "p_env_punch": 0,
    "p_env_decay": 0.03901004847026445,
    "p_base_freq": 0.8621195721311343,
    "p_freq_limit": 0,
    "p_freq_ramp": 0.189887053332489,
    "p_freq_dramp": 0,
    "p_vib_strength": 0,
    "p_vib_speed": 0,
    "p_arp_mod": 0,
    "p_arp_speed": 0,
    "p_duty": 1,
    "p_duty_ramp": 0,
    "p_repeat_speed": 0,
    "p_pha_offset": 0,
    "p_pha_ramp": 0,
    "p_lpf_freq": 1,
    "p_lpf_ramp": 0,
    "p_lpf_resonance": 0,
    "p_hpf_freq": 0.9279404324343792,
    "p_hpf_ramp": 0,
    "sound_vol": 0.25,
    "sample_rate": 44100,
    "sample_size": 8
  },
  "charging": {
    "oldParams": true,
    "wave_type": 1,
    "p_env_attack": 0,
    "p_env_sustain": 0.07252811291132043,
    "p_env_punch": 0.3418833433056265,
    "p_env_decay": 0.380484468897087,
    "p_base_freq": 0.7359468209602027,
    "p_freq_limit": 0,
    "p_freq_ramp": 0,
    "p_freq_dramp": 0,
    "p_vib_strength": 0,
    "p_vib_speed": 0,
    "p_arp_mod": 0,
    "p_arp_speed": 0,
    "p_duty": 0,
    "p_duty_ramp": 0,
    "p_repeat_speed": 0,
    "p_pha_offset": 0,
    "p_pha_ramp": 0,
    "p_lpf_freq": 1,
    "p_lpf_ramp": 0,
    "p_lpf_resonance": 0,
    "p_hpf_freq": 0,
    "p_hpf_ramp": 0,
    "sound_vol": 0.19,
    "sample_rate": 44100,
    "sample_size": 8
  }
}
